user_id,timestamp,minutes_very_active,minutes_fairly_active,steps,miles_run,minutes_lightly_active,minutes_sedentary,calories_burned,floors,distance
MNaImmDa,1404172800000,1451,1452,1581,16,1411,1498,1449,25,4
MNaImmDa,1404259200000,1450,1440,1584,16,1391,1507,1433,24,3
MNaImmDa,1404345600000,1460,1465,1602,16,1383,1519,1408,23,2
MNaImmDa,1404432000000,1452,1463,1583,16,1379,1499,1407,26,1
MNaImmDa,1404518400000,1433,1474,1610,16,1365,1514,1386,25,1
MNaImmDa,1404604800000,1432,1469,1607,16,1381,1495,1374,22,0
MNaImmDa,1404691200000,1409,1479,1578,16,1385,1487,1385,26,0
MNaImmDa,1404777600000,1385,1459,1584,16,1372,1461,1398,23,0
MNaImmDa,1404864000000,1363,1486,1578,16,1390,1476,1407,24,0
MNaImmDa,1404950400000,1356,1461,1597,16,1419,1463,1422,23,0
MNaImmDa,1405036800000,1339,1452,1591,16,1400,1471,1401,20,0
MNaImmDa,1405123200000,1309,1459,1601,16,1376,1472,1420,23,0
MNaImmDa,1405209600000,1300,1462,1618,16,1389,1484,1419,20,0
MNaImmDa,1405296000000,1300,1472,1590,16,1413,1475,1410,15,0
MNaImmDa,1405382400000,1290,1459,1597,16,1395,1468,1405,13,0
MNaImmDa,1405468800000,1275,1465,1586,16,1382,1455,1403,13,0
MNaImmDa,1405555200000,1282,1466,1567,16,1355,1443,1409,10,0
MNaImmDa,1405641600000,1301,1471,1580,16,1359,1417,1435,12,0
MNaImmDa,1405728000000,1298,1468,1562,16,1329,1417,1437,14,0
MNaImmDa,1405814400000,1304,1483,1579,16,1317,1394,1439,11,0
MNaImmDa,1405900800000,1316,1456,1604,16,1329,1388,1424,14,0
MNaImmDa,1405987200000,1297,1477,1617,16,1343,1379,1444,11,0
MNaImmDa,1406073600000,1276,1455,1593,16,1344,1396,1414,7,0
MNaImmDa,1406160000000,1279,1458,1615,16,1369,1423,1421,7,0
MNaImmDa,1406246400000,1266,1434,1600,16,1387,1441,1398,2,0
MNaImmDa,1406332800000,1238,1453,1592,16,1372,1462,1405,0,0
MNaImmDa,1406419200000,1254,1437,1597,16,1363,1446,1428,4,0
MNaImmDa,1406505600000,1267,1432,1619,16,1367,1470,1440,6,0
MNaImmDa,1406592000000,1282,1435,1618,16,1386,1466,1418,8,0
MNaImmDa,1406678400000,1254,1452,1645,16,1365,1491,1440,11,0
MNaImmDa,1406764800000,1235,1474,1665,16,1379,1503,1452,10,0
MNaImmDa,1406851200000,1229,1472,1661,16,1394,1511,1449,11,0
MNaImmDa,1406937600000,1231,1482,1683,16,1423,1538,1441,9,0
MNaImmDa,1407024000000,1218,1489,1694,16,1443,1520,1422,12,0
MNaImmDa,1407110400000,1243,1475,1720,16,1457,1520,1441,15,0
MNaImmDa,1407196800000,1217,1463,1719,16,1439,1501,1412,10,0
MNaImmDa,1407283200000,1225,1462,1712,16,1439,1492,1415,14,0
MNaImmDa,1407369600000,1211,1482,1708,16,1432,1490,1386,17,0
MNaImmDa,1407456000000,1213,1472,1716,16,1443,1487,1385,17,0
MNaImmDa,1407542400000,1184,1489,1743,16,1465,1513,1392,15,0
MNaImmDa,1407628800000,1194,1518,1713,16,1473,1527,1386,18,0
MNaImmDa,1407715200000,1175,1508,1709,16,1477,1503,1365,18,0
MNaImmDa,1407801600000,1190,1532,1697,16,1505,1510,1380,17,0
MNaImmDa,1407888000000,1163,1509,1693,16,1513,1516,1360,21,0
MNaImmDa,1407974400000,1153,1537,1688,16,1516,1533,1378,22,0
MNaImmDa,1408060800000,1169,1515,1659,16,1512,1512,1402,17,0
MNaImmDa,1408147200000,1162,1494,1649,16,1537,1519,1405,21,0
MNaImmDa,1408233600000,1181,1473,1671,16,1563,1537,1416,23,0
MNaImmDa,1408320000000,1183,1458,1643,16,1549,1538,1411,20,0
MNaImmDa,1408406400000,1176,1439,1648,16,1537,1531,1407,20,0
MNaImmDa,1408492800000,1146,1416,1671,16,1546,1526,1417,19,0
MNaImmDa,1408579200000,1123,1434,1670,16,1516,1520,1403,16,0
MNaImmDa,1408665600000,1098,1432,1649,16,1537,1548,1385,16,0
MNaImmDa,1408752000000,1074,1460,1661,16,1532,1527,1389,18,0
MNaImmDa,1408838400000,1099,1443,1661,16,1542,1541,1359,19,0
MNaImmDa,1408924800000,1100,1460,1679,16,1519,1539,1356,14,0
MNaImmDa,1409011200000,1091,1463,1654,16,1533,1555,1377,10,0
MNaImmDa,1409097600000,1095,1466,1646,16,1555,1542,1394,9,0
MNaImmDa,1409184000000,1096,1493,1644,16,1580,1527,1406,8,0
MNaImmDa,1409270400000,1089,1479,1623,16,1579,1504,1404,4,0
MNaImmDa,1409356800000,1077,1493,1641,16,1571,1481,1429,8,0
MNaImmDa,1409443200000,1047,1497,1614,16,1578,1454,1412,3,0
MNaImmDa,1409529600000,1029,1510,1638,16,1607,1476,1415,2,0
MNaImmDa,1409616000000,1024,1490,1610,16,1601,1464,1385,2,0
MNaImmDa,1409702400000,1036,1487,1600,16,1594,1436,1356,6,0
MNaImmDa,1409788800000,1025,1514,1624,16,1576,1457,1345,9,0
MNaImmDa,1409875200000,1005,1501,1630,16,1581,1465,1352,9,0
MNaImmDa,1409961600000,1003,1528,1610,16,1552,1459,1348,11,0
MNaImmDa,1410048000000,1008,1533,1595,16,1533,1487,1339,14,0
MNaImmDa,1410134400000,989,1543,1575,16,1549,1468,1325,17,0
MNaImmDa,1410220800000,1005,1544,1556,16,1539,1438,1300,12,0
MNaImmDa,1410307200000,1023,1534,1547,16,1563,1441,1304,14,0
MNaImmDa,1410393600000,998,1517,1563,16,1571,1450,1302,9,0
MNaImmDa,1410480000000,1020,1532,1589,16,1575,1427,1292,7,0
MNaImmDa,1410566400000,1011,1533,1581,16,1590,1438,1303,2,0
MNaImmDa,1410652800000,1000,1518,1562,16,1617,1431,1297,2,0
MNaImmDa,1410739200000,994,1506,1548,16,1597,1409,1267,4,0
MNaImmDa,1410825600000,1007,1484,1558,16,1614,1393,1282,2,0
MNaImmDa,1410912000000,1015,1507,1536,16,1627,1368,1269,4,0
MNaImmDa,1410998400000,1037,1502,1552,16,1607,1360,1262,8,0
MNaImmDa,1411084800000,1027,1500,1542,16,1618,1385,1265,3,0
MNaImmDa,1411171200000,1022,1525,1559,16,1637,1402,1269,3,0
MNaImmDa,1411257600000,1001,1503,1576,16,1626,1406,1239,1,0
MNaImmDa,1411344000000,1004,1498,1559,16,1614,1419,1242,4,0
MNaImmDa,1411430400000,1015,1468,1539,16,1594,1402,1218,3,0
MNaImmDa,1411516800000,1012,1484,1552,16,1604,1421,1213,1,0
MNaImmDa,1411603200000,1026,1458,1562,16,1597,1436,1234,3,0
MNaImmDa,1411689600000,1049,1471,1555,16,1587,1453,1233,4,0
MNaImmDa,1411776000000,1050,1482,1534,16,1609,1460,1254,3,0
MNaImmDa,1411862400000,1055,1453,1524,16,1612,1452,1231,7,0
MNaImmDa,1411948800000,1044,1451,1552,16,1616,1426,1239,7,0
MNaImmDa,1412035200000,1044,1444,1551,16,1643,1444,1243,7,0
MNaImmDa,1412121600000,1044,1470,1578,16,1671,1454,1242,4,0
MNaImmDa,1412208000000,1044,1480,1562,16,1668,1471,1243,5,0
MNaImmDa,1412294400000,1068,1464,1552,16,1697,1458,1229,4,0
MNaImmDa,1412380800000,1085,1449,1538,16,1714,1443,1258,6,0
MNaImmDa,1412467200000,1058,1443,1526,16,1738,1447,1283,6,0
MNaImmDa,1412553600000,1084,1420,1506,16,1747,1473,1282,9,0
MNaImmDa,1412640000000,1100,1434,1492,16,1720,1443,1281,12,0
MNaImmDa,1412726400000,1092,1422,1507,16,1698,1455,1284,12,0
MNaImmDa,1412812800000,1093,1399,1520,16,1724,1482,1261,11,0
MNaImmDa,1412899200000,1073,1381,1549,16,1696,1477,1250,7,0
MNaImmDa,1412985600000,1091,1352,1570,16,1675,1478,1238,2,0
MNaImmDa,1413072000000,1090,1378,1571,16,1678,1467,1210,1,0
MNaImmDa,1413158400000,1085,1384,1567,16,1697,1456,1205,1,0
MNaImmDa,1413244800000,1075,1405,1557,16,1667,1480,1219,4,0
MNaImmDa,1413331200000,1102,1417,1549,16,1641,1479,1228,4,0
MNaImmDa,1413417600000,1072,1444,1546,16,1640,1503,1240,7,0
MNaImmDa,1413504000000,1071,1458,1530,16,1666,1499,1246,2,0
MNaImmDa,1413590400000,1086,1474,1508,16,1644,1520,1264,6,0
MNaImmDa,1413676800000,1063,1448,1503,16,1645,1507,1278,8,0
MNaImmDa,1413763200000,1090,1475,1481,16,1617,1491,1301,6,0
MNaImmDa,1413849600000,1060,1498,1465,16,1628,1505,1315,5,0
MNaImmDa,1413936000000,1076,1521,1459,16,1598,1475,1295,3,0
MNaImmDa,1414022400000,1076,1517,1472,16,1611,1449,1306,2,0
MNaImmDa,1414108800000,1066,1491,1469,16,1640,1438,1294,1,0
MNaImmDa,1414195200000,1073,1470,1442,16,1661,1463,1299,1,0
MNaImmDa,1414281600000,1102,1481,1417,16,1673,1476,1307,1,0
MNaImmDa,1414368000000,1118,1463,1391,16,1672,1488,1329,2,0
MNaImmDa,1414454400000,1140,1437,1383,16,1694,1516,1329,5,0
MNaImmDa,1414540800000,1139,1426,1407,16,1700,1536,1329,4,0
MNaImmDa,1414627200000,1140,1455,1433,16,1712,1554,1316,3,0
MNaImmDa,1414713600000,1123,1426,1403,16,1691,1565,1328,3,0
