user_id,timestamp,gallons_consumed,weight,calories_in,calories_out
0hfP5KuS,1396310400000,13,342,285,164
0hfP5KuS,1396396800000,6,196,239,92
0hfP5KuS,1396483200000,11,361,504,154
0hfP5KuS,1396569600000,15,320,149,16
0hfP5KuS,1396656000000,14,216,286,187
0hfP5KuS,1396742400000,6,125,783,19
0hfP5KuS,1396828800000,13,255,334,127
0hfP5KuS,1396915200000,1,113,637,151
0hfP5KuS,1397001600000,9,270,103,108
0hfP5KuS,1397088000000,6,307,481,166
0hfP5KuS,1397174400000,11,362,177,146
0hfP5KuS,1397260800000,13,243,391,144
0hfP5KuS,1397347200000,8,183,659,41
0hfP5KuS,1397433600000,2,300,10,63
0hfP5KuS,1397520000000,13,120,25,86
0hfP5KuS,1397606400000,4,191,170,23
0hfP5KuS,1397692800000,11,257,710,117
0hfP5KuS,1397779200000,11,396,242,116
0hfP5KuS,1397865600000,6,267,659,92
0hfP5KuS,1397952000000,15,392,161,137
0hfP5KuS,1398038400000,15,399,718,63
0hfP5KuS,1398124800000,15,228,287,29
0hfP5KuS,1398211200000,15,255,295,13
0hfP5KuS,1398297600000,0,339,441,158
0hfP5KuS,1398384000000,0,202,364,120
0hfP5KuS,1398470400000,6,304,480,4
0hfP5KuS,1398556800000,10,126,254,31
0hfP5KuS,1398643200000,10,287,169,89
0hfP5KuS,1398729600000,11,257,482,197
0hfP5KuS,1398816000000,8,317,283,191
0hfP5KuS,1398902400000,6,100,70,166
0hfP5KuS,1398988800000,15,104,711,193
0hfP5KuS,1399075200000,4,356,225,164
0hfP5KuS,1399161600000,11,381,316,108
0hfP5KuS,1399248000000,7,128,8,181
0hfP5KuS,1399334400000,13,231,282,126
0hfP5KuS,1399420800000,3,132,260,183
0hfP5KuS,1399507200000,9,242,127,124
0hfP5KuS,1399593600000,3,165,232,167
0hfP5KuS,1399680000000,2,384,524,190
0hfP5KuS,1399766400000,15,195,384,182
0hfP5KuS,1399852800000,7,217,77,101
0hfP5KuS,1399939200000,18,392,184,125
0hfP5KuS,1400025600000,4,364,616,198
0hfP5KuS,1400112000000,11,291,780,157
0hfP5KuS,1400198400000,15,109,559,107
0hfP5KuS,1400284800000,5,368,196,22
0hfP5KuS,1400371200000,5,114,99,50
0hfP5KuS,1400457600000,16,370,88,25
0hfP5KuS,1400544000000,9,148,550,86
0hfP5KuS,1400630400000,5,233,137,54
0hfP5KuS,1400716800000,6,384,443,127
0hfP5KuS,1400803200000,15,174,314,104
0hfP5KuS,1400889600000,13,206,680,189
0hfP5KuS,1400976000000,12,234,279,180
0hfP5KuS,1401062400000,0,234,135,190
0hfP5KuS,1401148800000,13,227,563,138
0hfP5KuS,1401235200000,0,142,37,79
0hfP5KuS,1401321600000,6,207,794,54
0hfP5KuS,1401408000000,14,253,492,102
0hfP5KuS,1401494400000,9,158,2,160
0hfP5KuS,1401580800000,9,219,699,87
0hfP5KuS,1401667200000,14,379,281,47
0hfP5KuS,1401753600000,7,221,212,57
0hfP5KuS,1401840000000,7,210,45,87
0hfP5KuS,1401926400000,14,253,396,142
0hfP5KuS,1402012800000,5,326,123,46
0hfP5KuS,1402099200000,11,371,644,23
0hfP5KuS,1402185600000,18,393,577,163
0hfP5KuS,1402272000000,0,329,92,154
0hfP5KuS,1402358400000,11,157,662,156
0hfP5KuS,1402444800000,2,109,592,102
0hfP5KuS,1402531200000,18,125,199,133
0hfP5KuS,1402617600000,2,254,503,168
0hfP5KuS,1402704000000,1,147,16,175
0hfP5KuS,1402790400000,19,328,240,99
0hfP5KuS,1402876800000,2,308,98,56
0hfP5KuS,1402963200000,17,278,743,179
0hfP5KuS,1403049600000,18,196,712,174
0hfP5KuS,1403136000000,0,175,217,3
0hfP5KuS,1403222400000,7,198,752,62
0hfP5KuS,1403308800000,19,245,294,109
0hfP5KuS,1403395200000,10,144,558,50
0hfP5KuS,1403481600000,6,126,176,89
0hfP5KuS,1403568000000,0,304,664,139
0hfP5KuS,1403654400000,1,318,705,48
0hfP5KuS,1403740800000,13,201,132,174
0hfP5KuS,1403827200000,18,101,513,127
0hfP5KuS,1403913600000,8,391,715,62
0hfP5KuS,1404000000000,6,135,220,62
0hfP5KuS,1404086400000,19,145,109,30
0hfP5KuS,1404172800000,9,288,407,4
0hfP5KuS,1404259200000,11,207,152,166
0hfP5KuS,1404345600000,1,131,140,56
0hfP5KuS,1404432000000,12,128,8,139
0hfP5KuS,1404518400000,4,314,590,62
0hfP5KuS,1404604800000,4,104,606,46
0hfP5KuS,1404691200000,5,100,98,6
0hfP5KuS,1404777600000,0,251,375,170
0hfP5KuS,1404864000000,12,225,46,47
0hfP5KuS,1404950400000,1,206,133,105
0hfP5KuS,1405036800000,15,220,280,56
0hfP5KuS,1405123200000,9,245,786,139
0hfP5KuS,1405209600000,14,101,640,176
0hfP5KuS,1405296000000,5,346,83,33
0hfP5KuS,1405382400000,9,214,559,176
0hfP5KuS,1405468800000,14,327,486,2
0hfP5KuS,1405555200000,17,294,67,11
0hfP5KuS,1405641600000,16,365,403,132
0hfP5KuS,1405728000000,4,381,170,77
0hfP5KuS,1405814400000,13,357,448,132
0hfP5KuS,1405900800000,8,295,742,49
0hfP5KuS,1405987200000,16,281,563,171
0hfP5KuS,1406073600000,13,157,701,103
0hfP5KuS,1406160000000,15,170,71,182
0hfP5KuS,1406246400000,10,321,604,125
0hfP5KuS,1406332800000,4,208,109,87
0hfP5KuS,1406419200000,0,349,24,174
0hfP5KuS,1406505600000,12,313,91,40
0hfP5KuS,1406592000000,19,339,661,132
0hfP5KuS,1406678400000,6,157,51,18
0hfP5KuS,1406764800000,7,197,741,96
0hfP5KuS,1406851200000,8,349,135,173
0hfP5KuS,1406937600000,8,303,51,146
0hfP5KuS,1407024000000,7,178,672,176
0hfP5KuS,1407110400000,6,215,772,140
0hfP5KuS,1407196800000,10,280,96,55
0hfP5KuS,1407283200000,1,228,646,76
0hfP5KuS,1407369600000,3,396,167,64
0hfP5KuS,1407456000000,19,150,60,174
0hfP5KuS,1407542400000,14,123,134,188
0hfP5KuS,1407628800000,8,283,766,111
0hfP5KuS,1407715200000,3,173,113,120
0hfP5KuS,1407801600000,2,325,613,65
0hfP5KuS,1407888000000,18,206,511,7
0hfP5KuS,1407974400000,1,117,37,99
0hfP5KuS,1408060800000,14,174,567,111
0hfP5KuS,1408147200000,1,207,263,46
0hfP5KuS,1408233600000,4,229,50,178
0hfP5KuS,1408320000000,10,302,568,124
0hfP5KuS,1408406400000,8,258,383,158
0hfP5KuS,1408492800000,10,345,566,140
0hfP5KuS,1408579200000,11,239,23,178
0hfP5KuS,1408665600000,4,314,60,7
0hfP5KuS,1408752000000,14,266,774,101
0hfP5KuS,1408838400000,19,345,421,151
0hfP5KuS,1408924800000,16,357,268,72
0hfP5KuS,1409011200000,13,125,441,10
0hfP5KuS,1409097600000,19,246,484,101
0hfP5KuS,1409184000000,8,208,619,118
0hfP5KuS,1409270400000,4,339,734,166
0hfP5KuS,1409356800000,12,142,430,65
0hfP5KuS,1409443200000,10,267,601,187
0hfP5KuS,1409529600000,10,109,526,134
0hfP5KuS,1409616000000,14,282,51,64
0hfP5KuS,1409702400000,6,243,431,5
0hfP5KuS,1409788800000,15,266,195,30
0hfP5KuS,1409875200000,13,237,82,22
0hfP5KuS,1409961600000,0,254,336,198
0hfP5KuS,1410048000000,19,176,152,117
0hfP5KuS,1410134400000,1,394,778,66
0hfP5KuS,1410220800000,2,271,341,184
0hfP5KuS,1410307200000,18,186,217,156
0hfP5KuS,1410393600000,0,246,553,103
0hfP5KuS,1410480000000,6,191,1,50
0hfP5KuS,1410566400000,16,132,534,102
0hfP5KuS,1410652800000,11,175,491,96
0hfP5KuS,1410739200000,1,361,122,156
0hfP5KuS,1410825600000,18,355,576,152
0hfP5KuS,1410912000000,1,356,53,14
0hfP5KuS,1410998400000,12,151,412,145
0hfP5KuS,1411084800000,4,277,283,51
0hfP5KuS,1411171200000,2,351,419,92
0hfP5KuS,1411257600000,0,148,179,42
0hfP5KuS,1411344000000,3,264,200,91
0hfP5KuS,1411430400000,0,295,327,146
0hfP5KuS,1411516800000,8,102,434,6
0hfP5KuS,1411603200000,1,157,320,95
0hfP5KuS,1411689600000,3,322,588,60
0hfP5KuS,1411776000000,7,157,669,197
0hfP5KuS,1411862400000,1,222,717,163
0hfP5KuS,1411948800000,5,236,393,22
0hfP5KuS,1412035200000,5,259,586,85
0hfP5KuS,1412121600000,6,196,445,91
0hfP5KuS,1412208000000,4,346,787,8
0hfP5KuS,1412294400000,1,114,123,140
0hfP5KuS,1412380800000,2,250,282,56
0hfP5KuS,1412467200000,6,387,222,182
0hfP5KuS,1412553600000,16,181,249,50
0hfP5KuS,1412640000000,12,162,476,21
0hfP5KuS,1412726400000,1,354,265,169
0hfP5KuS,1412812800000,6,142,648,155
0hfP5KuS,1412899200000,2,164,286,87
0hfP5KuS,1412985600000,4,268,418,36
0hfP5KuS,1413072000000,10,109,482,151
0hfP5KuS,1413158400000,19,222,623,88
0hfP5KuS,1413244800000,19,344,774,69
0hfP5KuS,1413331200000,4,303,603,177
0hfP5KuS,1413417600000,14,351,521,185
0hfP5KuS,1413504000000,1,281,202,37
0hfP5KuS,1413590400000,19,366,630,99
0hfP5KuS,1413676800000,6,201,787,26
0hfP5KuS,1413763200000,11,189,115,14
0hfP5KuS,1413849600000,0,325,623,32
0hfP5KuS,1413936000000,2,378,185,70
0hfP5KuS,1414022400000,17,120,174,198
0hfP5KuS,1414108800000,0,393,287,140
0hfP5KuS,1414195200000,6,219,267,185
0hfP5KuS,1414281600000,3,344,387,49
0hfP5KuS,1414368000000,3,234,287,143
0hfP5KuS,1414454400000,7,158,713,6
0hfP5KuS,1414540800000,4,390,542,12
0hfP5KuS,1414627200000,1,282,34,87
0hfP5KuS,1414713600000,9,295,366,15
